Angle,Avg Intensity,Max Intensity,Min Intensity
10,65.401382969053,78,59
BTDF,0.0,69.21311977314964,90,59
BTDF,5.0,68.9084531047996,90,58
BTDF,10.0,67.88846671481092,89,59
BTDF,15.0,67.97608084700227,89,58
BTDF,20.0,67.81234912835326,90,58
BTDF,25.0,67.84819976668552,89,59
BTDF,30.0,65.91056152028119,87,58
BTDF,35.0,65.27295837205074,86,58
BTDF,40.0,65.70077607365062,87,58
BTDF,45.0,66.38414951317066,89,58
